BF_mean,BF_95,BF_tot,WMA_mean,WMA_95,WMA_tot,RZ_mean,RZ_95,RZ_tot,O_mean,O_95,O_tot,PO_mean,PO_95,PO_tot,RP_mean,RP_95,RP_tot,R_mean,R_95,R_tot
247.69237339481523,379.7524768310707,2406.7359765655133,122.76844549879073,191.08811268263116,1483.2113850363708,189.6586191001469,303.56237788167397,2011.6962157106095,114.76706665537071,177.29354248457668,1453.6257111189277,136.93994990785987,223.30112495753488,1659.2871791308976,139.65799084399833,234.58465905327128,1585.6955346065947,131.34236102102543,208.43944582849238,1699.7051185652033
229.08646559624435,382.24757774256733,2211.661239677753,114.48351381906322,179.92080726361016,1427.4925462212586,197.42086794905472,311.5183139627507,2135.7464770027254,113.69249727534164,182.2682189530026,1460.1667151981985,138.19252180379064,232.78030367813466,1701.350128928801,135.45164552568508,226.57160960651558,1614.5888067098922,140.149237639465,229.48611483358414,1745.6728116380932
244.99524562573845,451.6030593434151,2313.9426594247125,115.624384666181,190.9122125607098,1449.727230522549,203.70191624537975,340.9164764272461,2111.707154411581,112.83174024453983,169.07425124118103,1433.3804720624046,133.6718747102737,207.61651002895996,1679.0475569078474,134.19669199496025,222.4262822150794,1639.601760037237,122.25361772613768,200.04485166559508,1540.186895971429
249.3896808101002,446.73760052840925,2383.944074763598,110.80346053086745,179.13715535215994,1442.5052655219115,232.4358367806805,379.1344927194977,2279.9842215602785,111.85245928090647,176.15165602762127,1448.641279039755,143.0803855920733,230.85575662899325,1767.0166591788784,129.1789549921917,199.85452064156448,1596.4681823375158,132.47454609263693,221.60881214554502,1584.309043070404
253.6352794480085,440.7908832410687,2362.0059868328935,119.88114691418023,199.9464436676651,1394.0212868760173,238.50526312504243,416.5481694408465,2463.2128244154815,117.49449839534942,183.90005616522282,1442.1856112635674,129.87744765589568,216.46598221188154,1655.5421898735194,139.60025684776943,231.50018120887813,1646.6311866781518,136.58030941113213,211.234760874255,1661.5512068362757
234.7203578473599,378.30410945178295,2333.521285771516,124.39233827720452,201.76909956601543,1600.4970190865095,219.30902468936068,376.45340709872966,2234.760531340249,109.05458113368925,167.9746413187751,1428.633970639504,143.0436190783645,239.83593403006037,1923.7929643249447,128.93694625855213,211.4749061826483,1493.2895224918584,145.53105705151074,230.34888183397817,1743.1626427065485
270.5631128261438,429.39833800266786,2577.6039861905842,112.26749948129485,183.14980121150396,1331.7597477999893,203.79101037575492,340.4050430539261,2159.265904979058,116.2792994900075,182.0247165431014,1514.6095561831658,139.45850717430486,216.89879707214922,1787.5241040198716,141.80864636821133,239.54480566001078,1614.504665783486,146.56657602564363,262.3517135390818,1737.8120643732466
221.60592733186246,390.2993669742222,2066.2692919226088,123.59571037628069,192.11623286841706,1611.560096666615,215.90597757311022,397.12326292423273,2173.9263007652053,121.80440424579929,186.31888317890963,1517.6031859521793,128.5219254499239,199.730295980726,1607.6057025351263,135.09302989812767,224.20647964185486,1604.965148542083,135.17514420532243,214.35267977430922,1811.3166586682128
262.31539874667044,504.7819044117966,2469.3874787614227,117.3135096663988,183.53802998168973,1459.9756327592893,222.60422864653435,373.88360342474476,2343.758631788073,114.05536544810313,178.90935876164775,1389.8810519136505,136.05314042379652,223.22849078303298,1703.9535506568689,146.7612620448329,249.1476126037512,1752.6244319991188,133.92819170106264,214.1325413494234,1650.7352711583906
257.858557989738,407.2632240913132,2469.9203602050184,124.72778808311696,200.58778192550258,1488.8692503734198,221.6089674070922,356.90527306409035,2256.535441867385,112.69856319582075,178.06909882760033,1360.6907844654038,139.61685810340646,217.7703517711273,1726.8464191659966,133.39094438469996,218.47451933550957,1566.8153415914917,135.10928368822235,233.81929239658663,1724.9760647968321
236.37135663296957,377.46223366209017,2363.7987760380956,121.43048947504298,192.971579582909,1479.0678218007097,198.3992407600742,368.5738458909392,2070.2992576745396,103.1138841550376,171.19442196468364,1356.260420239673,140.18453515405585,218.60517102802916,1746.3163901376854,132.30607660054773,227.84371619150772,1506.850953669976,133.90067202303356,212.33831290399922,1622.3528545832983
228.23745403295098,369.90431642885073,2278.0896405864128,119.87480412253922,197.3085582195985,1440.7957750865808,204.00228107742234,326.8607149926554,2168.5309630866427,118.41947065984307,190.63278541489643,1399.1078882486415,149.34853252540202,242.82590574653815,1746.6110982947957,132.37471999607536,224.711034477432,1645.5268375191827,142.37294767852387,237.25727955804288,1715.8318058083962
242.23877562910607,392.9708444656629,2354.756326878721,118.81992221216906,186.87292674292047,1488.3404708491682,200.99799807057954,352.70692618289377,2113.8991906797064,106.0208694123143,167.08164738194168,1428.9836214977959,139.8552567946701,226.36396979222596,1736.0950471868864,136.78062760805037,234.25289471517547,1518.4241815726004,143.09472562789097,225.48636606357707,1853.8152671399184
236.77465049557844,398.75002976531556,2227.726736792675,120.20249303019736,187.46542725644784,1485.2206186087838,206.59345493874883,338.83914332394477,2132.1311016500795,113.1120103634322,175.90170213833727,1393.9264016519392,134.4727028062134,216.84888876548644,1790.496313944956,139.00963451805637,243.57772930814184,1594.7175202490116,141.6833714073395,241.56962626326762,1737.6220252218277
241.65370256770964,424.9110898856629,2348.5859829336437,126.15031393004172,197.9767935716364,1504.4251163490826,208.79479805292564,338.567298466496,2154.645840494109,111.548236495593,167.26513476427053,1432.1858024431833,132.5861586407467,221.14023894620868,1562.7450678707607,151.67178289414645,286.66657995597404,1666.50045804803,147.021242048257,241.46199890417066,1768.391541755116
238.955238033489,379.436315045448,2279.028153813329,126.79738465010676,187.33233459264628,1590.1835667635744,210.48404062253226,318.39142494944565,2351.170086776924,110.54780495980529,166.76856044411633,1408.702047960577,137.41287898820784,222.65575822536147,1743.4355007877293,134.95590126752938,215.60389610884664,1567.5140962129453,123.75771233329903,201.10591410392786,1595.1142329743761
247.99983785694656,444.29874207619,2408.9950476194435,110.51970516786794,168.98658742893306,1443.7190629157278,196.80320494560394,325.9585436436346,2064.402394224316,115.71565592662753,186.57572694732346,1413.8169477957517,128.77626632582616,205.94658083486416,1563.0699406727358,128.1356151702771,217.1670314178419,1546.9295046110947,132.45499898982453,211.61274750621104,1620.5073702969012
239.30793473219282,352.5688028284597,2341.1309865420535,120.63298813582198,187.93900900913465,1474.8225990726073,204.146950086583,335.74306031712484,2088.1330185390398,102.91822133427581,172.2925589494988,1293.8905164407495,136.53236899610798,239.23023149131288,1675.217543634576,128.8793086399408,237.44648613802875,1506.3140051352825,126.05102437925262,211.7096013715701,1679.7195647888627
232.16469877354484,363.7072158532845,2312.4109631030406,114.3808415021619,176.13837935727744,1528.9213238989219,213.61834674448477,376.01075355966384,2212.988924429852,114.45680647902223,187.16383405819496,1492.088597281607,132.98912920171122,214.36399693530853,1685.325867664082,129.34704461386448,210.62722264020803,1521.7460568343338,132.7524426724207,217.72362954057417,1685.8912747447318
231.21882997356008,373.21995158637105,2225.2484912636173,116.67478875621127,175.16905753827984,1545.4837731383927,206.67460789606918,376.91401307344404,2206.2781881591777,108.56940732954824,173.97797120501798,1471.2669842435628,132.68648043681438,222.7412125660429,1671.2108636049027,131.9569384374348,224.99558003763806,1574.523977855534,133.82122942192257,220.14160325054988,1579.180107803971
233.25933819920132,399.22112422219965,2248.077773300518,114.20722650921871,182.98371459915717,1473.7366556080365,202.98374414766667,339.5191876949212,2145.793948360219,112.32553210162865,167.95065276246916,1444.9814222049627,135.45804920076455,212.78092767831697,1736.4138139689562,126.86992375048665,215.06853169193099,1525.0786050275412,125.10170458527074,199.83646889033952,1666.2539563768848
239.76238887747388,404.18338506623985,2291.9676872332825,119.7871864032203,204.15466945552697,1458.4244609615141,214.05822213125285,353.5540122135549,2227.4715654723896,109.96209503712458,170.91433202513602,1438.3388029225393,127.4198840766465,192.00869181763676,1618.301506231023,138.13086568624942,219.9991484984879,1580.326290813311,133.9293154359223,216.57581902117127,1735.7895043904603
250.12436675433503,395.7853331086801,2398.7675160182707,115.37131083960831,190.6192985061474,1451.453922616601,229.9047773448479,380.78055306662145,2321.0814445203287,115.99401156126291,184.7893269978882,1510.6985264447187,135.35204737415376,220.50519620991906,1699.6891818933336,131.9223490899421,220.4236609021475,1530.921080107433,132.52761651943027,215.33426729015608,1696.4948101737248
262.2782415496746,470.57717623096266,2417.8016375901743,111.48900995672064,177.18711656973713,1420.6014647673753,214.4186708156366,351.4165083282588,2265.091095052761,102.33529430024477,158.5638505048486,1335.4765234264426,131.51519968738302,212.27037570699304,1595.5814344267635,136.21318723830186,228.7296011050041,1613.9521888387608,134.66075285500193,211.26933298284163,1707.4960802986775
268.07763433244577,477.5374609346851,2542.337972393308,123.08730604236116,197.74724393357516,1569.9590968508342,191.24928922402847,302.1639729494931,2059.471729483536,119.07676947566567,186.95891174358994,1535.5753879861363,137.58199674687248,223.86954508630282,1629.2967026568851,129.84735559808072,252.9452066592274,1508.6082359493398,132.91747884761415,215.49979255002938,1728.7861402323601
244.21968579683454,397.16518540223933,2311.284517223069,116.37721050339285,178.70160016559012,1490.5787675871472,208.0672902089126,367.9346237236844,2190.957623150785,116.80250344658005,184.41273765049738,1459.140835917953,131.80551343473607,210.7960864039443,1597.1204230801527,135.66399022622187,224.53754652025015,1551.8044495708034,140.60832834142147,224.61649058954663,1788.729428217263
261.8678927669601,458.6329814193641,2427.8695959225165,118.51356117764523,184.68464736855663,1522.8096050218876,211.00976019854795,339.32929213548726,2307.5498259247165,112.80660409558101,176.5279615101228,1450.4784915681607,133.64724224919698,216.79994970850402,1630.586197807317,133.89044684858382,222.57952543351965,1508.5076877487804,141.49237118103247,221.52227274187155,1780.503725775457
251.08237268064903,404.3382918418873,2380.6022919929123,124.46651377978135,208.54172257444625,1449.3209973918676,209.7034895994252,348.7224163575415,2203.886257576738,109.28770199283649,181.41788784782779,1367.109899158438,128.30506484407704,199.77024805721297,1636.017390122708,134.23302284867952,236.59867813145522,1610.119981403163,147.472529009029,244.26431428271093,1803.130580580207
252.40326470284134,414.8579506216659,2345.5735237797257,114.12186610747895,181.50035629914774,1386.3704721064596,201.36033262420668,346.4158113546609,2053.4076637742533,115.74946465067949,182.8343533394289,1414.037806103971,140.77210701694963,240.92588674369478,1657.0154343380052,136.73697550266002,229.43949169953552,1520.2754055873415,136.48331945366547,223.83807565719,1687.8406533691143
248.87050641671647,392.2350538872819,2449.2595246715905,120.63864700305287,183.69665030600626,1565.4860860799856,213.30786394902188,333.6552143162446,2187.2695362924587,114.98136717802677,184.72070455034716,1477.6465171253856,132.7630471709931,213.9170007303456,1619.5201510533518,139.96765588816368,254.51398639029117,1551.3766939157817,127.06318729377966,200.38440230832393,1594.0812409577852
266.8048703032008,466.64670603536916,2468.89543138704,119.72870344978075,191.1243753411129,1480.3206066432037,212.9149352126206,356.82364131757475,2260.399087057649,108.57564730986272,176.8880623437801,1321.275886861387,134.9166566342327,217.50705333856263,1629.202775739259,131.2718544058446,208.92361225782292,1586.1759220488523,135.73861938062214,220.52222206483455,1708.5234356437209
233.61735473596977,381.7836862721934,2325.203656223231,123.8309220172705,186.54343703323002,1512.8679790403428,193.24653159987633,322.1244504806441,2005.9867124870848,124.45222347808226,190.1153555580507,1525.2107729419438,139.04313028014462,221.42906593330486,1725.700682777773,136.03023297776684,218.7382594701455,1645.8606379381854,128.78124972414537,241.06862138206628,1671.754604991081
244.88852432077485,367.0078020812655,2447.988846580178,126.75012651663177,193.5708078262321,1500.4731787423755,213.0449790821215,363.5041322629398,2203.89332094081,110.2416644228538,181.45952801674636,1351.5557502989818,133.95732583129293,227.99252504765713,1714.810318408492,128.1939905404269,208.79009870182014,1452.741542857734,135.51357397096044,222.19884063168493,1773.4871510133173
249.28464867459638,456.6688197346169,2332.447005609459,113.52606152366533,183.77829837726398,1415.1360664867877,228.51847828963568,385.43993652683406,2320.8698341210047,114.2254883650051,175.18335404394264,1429.1593402158721,124.61354578644551,202.6010562744712,1600.4566381503425,139.32966010754984,249.06199799436632,1618.7437972567466,146.74937643711746,225.41333960101352,1756.8483766791358
256.24342859235287,398.55086702225117,2434.2586505004415,110.39954140721765,173.56845915567686,1390.4125211959542,209.51586791604345,361.68509736124827,2046.3279777594546,117.35054333323795,192.2337169485291,1467.7156545986702,127.91259101973671,207.80858276177642,1593.7195973183148,138.25991572220866,243.83959400348826,1577.9104125754554,158.19258203578192,290.5665049035548,1844.3307333933783
234.56863715377872,357.83041790355287,2294.379601770487,114.8190078872091,185.22267884339962,1475.7366426556837,212.10691822468291,359.0368581938798,2183.6479067732944,113.92689502773983,173.55773930920572,1438.7863965989136,117.16480782864944,188.12589480217724,1543.2030424954103,137.11337062528173,250.71649949573518,1536.630346307205,126.3568457568376,211.7524954637689,1673.8202674278093
253.4853471892859,496.9875645524501,2383.6479789635173,109.72073477047866,179.64713038693765,1447.2623628958197,216.59062889208982,372.19907031854467,2193.7081268749043,105.24532362990331,163.4746787222727,1262.3560515326933,134.08957948446607,215.58587726431946,1742.369168242346,145.77859655577876,256.0818562155572,1625.3876795000026,125.65628618210451,209.44102273929505,1632.4116531777104
248.09823242533562,397.4276828195811,2425.239966229618,120.83641170879929,195.6502425154669,1459.9674406865115,202.19750530700537,347.13513458642217,2116.823012328002,109.73809272612901,177.1812906137516,1394.7473615953072,133.8082853699886,218.56938654200613,1613.0478834660446,147.4338812345115,243.71466238550016,1715.1227525480458,133.55129234270947,212.82339502006215,1687.4840854247475
249.5447442420204,435.60646278353386,2343.2007294757477,120.11182187493762,189.45384620587745,1509.691516620298,211.40778937324754,337.83684872068744,2248.5945718687235,112.81721902280634,185.72795786383932,1409.112028491626,128.2332680982059,211.9885119099071,1559.562996579392,124.32687833480887,218.11500041600465,1470.1174548709287,134.8044401277887,226.79304399069733,1685.0166309531764
234.81241594722053,378.18991316572993,2263.793958485248,127.93484707895189,207.1568683852398,1543.7841637317924,186.53286329293638,314.12102436611286,1967.843051755395,116.96127140840359,179.38780955115084,1447.4403853687893,133.19015142936237,209.4894877147473,1788.9809541292425,136.6241854762175,236.96076106264854,1642.5682500394646,135.95582958239666,236.3432783521121,1661.7115243434148
262.59074522311045,495.52230361289196,2447.903707690382,117.12512438626729,190.1043698912217,1418.1457640338076,211.58006680683445,363.78821127730436,2094.019583223543,119.01331011014646,187.01862934975395,1492.634998676646,126.13907513706965,207.14736625897152,1507.0968972814833,132.61039030567508,231.06554705878276,1538.5432958289086,130.8843141377152,215.0119363426997,1561.031952826452
239.60022560193806,383.6670534672631,2368.0595071293633,119.21895759942805,175.94639237391578,1475.0610068161445,210.09498950069118,338.14084097317925,2178.7461661315824,110.45613742538349,177.05148208562966,1456.3283523963064,136.942465584216,212.08034225220223,1756.4628643832968,128.2696235051829,219.96900801886224,1507.4658862204312,129.7731485075826,197.31732686031017,1645.7112233865166
231.82141858079459,357.555409039652,2305.529167023326,123.14345706308595,195.4188144558982,1527.9909319478145,200.7600010397069,330.6364329603065,2076.5927555526046,100.50110080633718,161.85124546007347,1286.6232867379447,131.26620857969726,227.53673602279372,1682.266289058144,141.84243306449133,273.7295645357038,1617.2356632620986,128.57744909128465,229.85779880753827,1565.0968125300117
266.78387911616306,429.70042228991537,2573.0017345020365,114.26702142017648,192.03471939056277,1377.0879966223895,205.12384314029396,337.0070999155976,2142.984328823245,113.6000238418498,186.19132115662788,1406.046899031375,126.99852169890703,194.10117746005974,1688.442795105036,137.64110763850653,224.78551088795894,1532.8821014323419,130.6712276760795,211.1742283694441,1693.856307593629
252.95776534104166,461.1025864637557,2404.7971252658467,117.6571084560363,177.80735206152352,1523.2224847086015,210.84339405390244,344.1968985481947,2200.5170413270216,122.82349975355987,183.53209820907543,1579.3192018136226,132.29663289211533,206.11650764913216,1703.8715387566565,137.3811040962934,229.59596737775968,1556.4564291704744,134.1908615715879,239.08543150628807,1615.3269024258268
233.82371285845184,395.5037311354974,2251.7360166431154,114.1227603522864,176.83594358184902,1454.3055657655307,201.76129472897378,336.0186391400378,2099.560284846703,112.78068033871733,179.56580669744406,1390.1934014878575,138.3161689756792,220.63621607948093,1653.8622571431818,127.61162797937811,218.8187828522012,1492.5882905018423,135.05250107225146,228.99524685309422,1630.5966615106931
233.76493805314192,372.96139509598447,2353.1317576692945,130.85196282951225,198.89415912952262,1639.1776376006178,216.77573581259247,361.1492465975548,2227.3745791054125,112.66614044735687,176.03798463135308,1406.29883123897,125.21921163974666,221.66516112149887,1622.1832645329046,125.04463028597633,205.4169634597965,1494.9322291539272,131.58764540306706,196.06552948803133,1766.8350939826948
255.71506070947297,403.4106197851435,2466.777889152387,115.15846819285542,183.25055890499124,1439.9704396182015,195.08658807435455,314.1410556526371,2116.5830949795736,113.10667537781346,178.2440276130007,1458.0228955557582,142.9090773148141,232.82613243286056,1743.870519535967,140.80937081001272,240.7064578700502,1649.085194366622,135.55694316179296,230.9983710695723,1676.4644782714968
246.55320689764895,380.9019104839506,2378.413280335896,121.89691773302884,198.63606062192594,1458.0596485110332,208.45884361759622,361.38806906995745,2145.7015190642223,115.52965081233675,187.51406854011663,1372.9832815794566,129.0856011595071,196.6115352590752,1552.2238253243256,127.99675437535447,219.00773288850323,1422.8004979366906,136.51440923180334,225.7844680486936,1753.7054738919157
243.70203240413218,363.9913684954414,2406.3333030999333,115.19735293120246,178.9869463495394,1388.823010113287,218.10720436286826,351.47534939948304,2268.3100084885864,114.34448323097807,193.94268276554496,1396.3498423365745,131.09688726405983,203.516910149735,1674.6784390164319,132.24356199495094,230.37463878257938,1549.085623299044,136.12638702970102,232.2596571865048,1651.189651435717
225.47236679036502,358.93890545898535,2218.30079452981,118.371222564054,180.2337403644643,1455.4664253855583,203.36050078068635,341.0281891136201,2091.4491608665126,119.20071072546072,199.94751516600755,1466.9953101812273,126.49636074554296,199.46643391064526,1633.5353194984502,146.56437690952657,295.73007342794483,1634.869439873174,133.50253614172655,223.62923599627555,1698.5440644124974
239.04414364192635,375.4198167111725,2293.433282152288,111.2157688550882,178.592038653137,1411.2374993936662,207.2003944831656,367.2272909272832,2082.993070302235,114.18828837278873,183.06491854356497,1386.2496868585624,137.23145832016135,223.955585021868,1590.0247420702638,134.22408486877896,216.6046980400816,1653.3864135754545,126.27209900366884,214.21099665184357,1620.7218665221017
258.5429438376682,417.7934127175179,2452.505922911765,118.2432103565621,200.13263860797773,1438.4832887687983,208.23346353520176,344.1567837919672,2157.892856909598,112.55077302014666,178.08874265076668,1451.4452702708627,130.71254796470905,214.24005000376985,1605.0261416544688,134.4066894751807,251.27449916927944,1557.4311309766654,133.17916032716863,221.28276432552798,1686.098813322562
240.94507807189373,402.84202949160056,2322.7588585302974,120.56035955184423,193.87795956522814,1540.513335499122,206.2078804567956,350.3934748345061,2085.735801400658,106.85577389521346,174.78316830238495,1316.845838767574,136.87597812386974,216.53213949420885,1742.3137492276362,132.56439732869495,222.93897430897115,1532.242758962979,132.9088610105711,200.2197465243858,1716.5924394077701
242.75919348750634,392.6911927479216,2252.5795340388813,114.51550257531632,173.81938659151268,1481.9770031333364,207.7882783243582,335.8015839051835,2199.690688717406,113.4685324779889,179.00154992959952,1390.0261222059798,138.17456837663178,218.68325955355854,1680.023573950439,127.0413431720771,210.42114005810205,1518.2254719914965,134.18076672305227,211.8521973167565,1642.571678744841
240.398640768775,415.04046870011257,2299.261433706926,123.50625100517085,185.65719809727005,1478.985519701415,203.31072647680995,358.92776406215893,2056.4447419147673,113.28088471515444,168.13261093368916,1453.65284220887,137.23219638024582,218.5388229744602,1716.4054598489133,132.02632078236252,210.7591894988869,1627.4056593743612,134.22727013091497,220.46837349470545,1709.1733095737086
239.28079019398317,367.4982323919209,2384.1660460770872,120.62347385004965,183.70432189160832,1656.5411781747341,197.30294466585025,305.4321281381337,2136.2784740439665,112.20724255845933,177.08759482318067,1391.877937641318,128.5301858774358,224.91005028967678,1624.9434373453091,135.49808092409486,229.2889971503066,1696.5337741298326,123.76985007512918,240.86126550056997,1664.2320238925045
241.0933534442284,371.0444448104798,2376.667043516882,126.3160204217956,209.63687765472625,1526.9345845089747,230.6993017058636,433.06467472727417,2259.385561753006,109.51123755908186,183.2943429771985,1382.6737372091955,126.6262783794932,193.00220847221496,1661.8706059993797,134.4258474973809,216.72547100379177,1590.9776576081267,142.53269077843336,239.67577105513132,1744.474206032254
253.1756486915286,402.3802233639255,2494.841774673189,115.52514412573638,184.08149510366218,1502.8003063759138,204.41952047693226,331.0026855146452,2187.007736504293,111.40247256987787,174.21316004473172,1374.4651738151304,136.93585860138253,209.89087924721375,1869.9890104353526,141.88220532862152,251.7946453758054,1594.1179705112868,115.06866656903033,187.4685732122687,1462.630814706786
244.84658902201394,394.5441730035435,2353.6505141119615,124.82200365113329,208.60300127192946,1453.696476825175,203.47410204188114,379.015103322501,2143.038805688105,103.49880691930908,165.29004191622187,1351.5827131316587,137.29931533286535,217.08915668766244,1788.3785671496464,130.60734052842614,232.45457128688992,1544.247620846494,128.26879769461294,206.2297557748814,1637.1351758637538
233.27092756261698,411.8964769536304,2225.3163637421617,117.25844987152037,173.99722165283072,1475.274420728067,200.8779347789734,340.4070794890844,2093.4417920966853,112.38118166221759,171.22435721840225,1447.9592258100968,139.11378862107884,227.785196090748,1628.2688424049104,134.52218805391678,255.04889580810038,1570.685844965022,135.24314414232353,213.8044409616162,1745.380573259681
243.08371116068224,386.2424075952194,2344.4837340519157,123.70245271757938,206.83743251771764,1493.3971918417574,218.73032936646317,390.8943515758483,2218.319588185473,114.3333280950961,178.6737014542366,1413.3447312446478,130.66745949260275,203.356596661906,1705.3808278324836,129.90264035541898,235.47630458510798,1518.5622876963523,131.84496659044197,205.4309376764556,1562.629588429578
260.0056407036949,466.4154426114044,2440.3807576471295,123.93642581714508,193.73071914985425,1514.421652465783,198.71653867480063,335.4001058778293,2047.9879599796704,112.27796923434748,183.64842213710133,1438.4286667953882,124.14166614275969,206.56767537095425,1547.5825378820443,133.8358629625169,239.96365203374853,1518.772401829521,128.1166133252017,205.677848470701,1707.7525170164963
236.46380349015485,428.7741754195427,2301.419249191514,118.62106769808146,189.22821155841663,1506.73326836911,209.0180032850799,338.69770687747985,2140.052389430401,111.89913934710523,174.05390531109666,1393.590714070889,126.29349951926636,211.10126398178227,1622.6254356924467,123.87649496188403,208.22745826619035,1477.3797594543141,138.0042423472654,216.91250387198815,1607.3839017432824
237.9434104825927,373.92261379434126,2341.4896305978505,123.29452084314629,198.88072427477508,1525.7333505422193,211.95546298564597,362.7351781922555,2105.069732104506,114.4736191280308,185.2325398921867,1432.3115372213026,137.45599194775153,210.5182804764263,1793.9738914472468,131.83042251004414,220.49614541144413,1529.3033366190873,133.26823500435586,222.96386758448216,1656.3176167342056
245.51263484206623,421.4953984469475,2357.6340018634496,120.63954597536025,187.94573018247198,1472.3404529771888,217.11723465147975,362.30913691707127,2241.6836758506615,118.82577239695036,186.1587417666635,1438.8306149527673,132.29248202646247,216.43717356173724,1679.455202221706,137.55516762300257,255.10473347791208,1629.322605759943,136.71207387302715,221.46764713959598,1624.3641672521605
235.4741268772243,387.0655572155086,2306.9525632724726,123.79188955601593,192.9962638691945,1485.321005308705,204.5172836703937,334.05761240182585,2113.8307767116116,109.41057091879304,173.28959919333124,1396.7617780119285,139.3055539150665,219.93536954948928,1659.1306691181846,139.70482855319653,234.8788755499746,1584.6325583081705,133.96349335073307,218.7203103913476,1655.7720668453194
240.655320719147,375.498564892983,2354.559655751631,116.7498360879745,183.0615047404918,1472.083340614039,217.77004748312106,390.539535304996,2130.2143075298764,108.84270143941237,172.81559776063878,1384.4455434956908,128.96270585571426,209.86009051616423,1559.3055796816554,131.84770870365,212.02299717522317,1545.5345220954428,124.92079391432412,207.95354359145878,1649.7559238722156
233.46715745388795,359.6110756087225,2235.724737882064,117.22456988122343,195.3295462001439,1463.5886615157692,199.29760185127213,303.1833332804908,2206.051911257821,115.59733343881064,175.904464390113,1473.916071446307,133.4076113851672,223.50216852415332,1489.300336799037,139.65079538407042,231.00214298533726,1595.8343687417757,139.23993022184277,226.2704127531637,1724.5080043367186
253.17052380066684,416.7401413830922,2411.1691548849803,112.74817965857473,172.87335733882685,1377.2354710416946,219.84757540546047,359.3877769616797,2365.318234198523,113.86903554877883,179.1230322770318,1461.895146239754,140.23214805864492,227.5922012322988,1757.2629188948586,136.31060650757857,242.42935739219476,1579.415097602044,136.07706177043522,235.9892350573512,1757.1948983699824
208.2253584647469,344.2816387518383,2050.942383012809,121.8510801465096,193.88802709635624,1531.5995113322751,208.83867316484282,329.9448160989263,2164.6954296542276,117.48229713263866,183.9360152662598,1426.6517743694583,134.17033222504014,219.87284936716122,1714.9289894070896,140.70362805216772,220.98936712589148,1661.1868127987943,141.85434719345096,234.9344607019094,1732.083671267929
250.1287156891706,440.0142836417053,2428.9550478527967,118.85765287373557,189.15547539151362,1467.4112599529535,212.54015819547948,371.73502013739903,2162.5459989758633,110.56399583769256,171.04540334583928,1456.5118550847624,124.98098936973177,200.38606576655724,1460.314203212824,143.51508349903153,248.81904616546493,1689.7488539593473,129.3096700318957,213.2875804541345,1572.2829241530874
247.99019225662914,415.7647655009553,2355.910750491717,118.20025277228218,181.6416898870295,1560.0884709710492,210.31455179335927,416.6541196404203,2088.687445475985,111.35190018704311,180.6725331360026,1376.0202231359765,144.2262335098306,242.5983670104468,1889.8350407021005,132.7424727199485,208.33385241846875,1639.5007542219246,138.69460180330955,215.00112354954032,1668.3122514896631
245.62430297397137,394.0678842633121,2359.837247873192,121.87920415805264,210.01638026023153,1552.0864030426962,202.92178481937063,351.433045272767,2041.7015314578946,114.485374701287,177.82845867676022,1506.5899532760056,139.560234828607,227.43786313799893,1702.4007116475173,144.00022001223564,276.2990975203363,1634.0560734336862,142.172804915491,233.3367778700203,1757.314898220298
239.24231642278684,380.17300349965325,2279.3895733093027,119.7543489727716,187.0264740781644,1506.952729979832,217.28514746385974,377.3904641071304,2253.9025484727867,111.04285542722192,173.14520415668343,1446.867534926182,133.89522091876498,206.9347807495631,1722.9564071028549,132.38175717594933,200.1764709920946,1615.7221749098483,136.62153660129425,236.16270348315732,1664.8408410621769
219.70985490332637,337.5027281708082,2217.7063753955717,118.63350342240383,195.1518006133356,1417.6034509462047,201.2371932878051,329.2200281944187,2031.1415518710435,112.44217884825007,186.79066589363117,1362.9394043683644,143.78715114795045,236.57327429379998,1715.1986778805428,141.1747947953442,236.3185530437541,1742.2557683001446,130.05498478451645,212.36779520081888,1761.2347188353538
239.56767190424384,390.12817702830597,2318.2539183283866,118.05350475454848,183.44319352842277,1425.5150580536433,217.4862526819496,365.0644206956648,2288.498721501251,111.77563257301316,180.97707752337683,1401.9654181330386,137.0165914127305,213.5477893775719,1761.357743920299,133.27729040018278,209.8032466414967,1590.8162806756407,125.89504748476396,216.002383705433,1600.581119557199
262.58254930739844,443.6957241261805,2499.159288956573,117.55978836848823,186.92742282309172,1496.348690781453,204.33543630706492,335.9142908001203,2130.5084720233294,118.61075824458486,184.55592799456187,1476.8170310195082,134.89406297581473,215.18780943279322,1670.849777628496,126.2226137608238,198.02461200603145,1540.3621829380209,137.64903649040477,234.44736198660976,1695.4403564555068
246.00449047076611,401.4175424581171,2376.286189575966,126.5406175247322,203.78838642779678,1571.368885882271,197.67058391735085,338.4114595252265,2044.6799701077412,112.03308779879086,175.51450828880385,1483.7683388745595,140.13764600836842,217.54291993772472,1758.3637419583563,140.82292669995624,257.155327251265,1557.6178917442776,126.73566820486121,199.60855938865777,1529.6793886105108
254.2731414227744,461.6707520579169,2393.0295049159,121.17549769484901,189.25286794967175,1521.5346466645024,215.1107219243385,375.1866628338417,2307.748971757492,115.95476129842855,175.98592339440333,1416.2164165840559,135.4460094116581,217.790509779268,1692.3397296444114,134.7226331018962,236.90026206264335,1583.0842864382346,135.54114859058663,228.23866302824416,1611.3587171803078
244.36097158272585,379.8537308063778,2325.270993272641,114.24435733681112,178.78277356587185,1454.209986746718,197.33813201596678,336.9160648204834,2123.7776593268213,108.6992939102156,182.01051853222324,1380.1929410622688,145.92554283474743,233.06598777312468,1758.065508060777,132.0317406547512,238.18984960535897,1505.2400193241037,133.9414932348225,215.41658278134318,1709.1500623776087
247.4530578507821,458.3751861973382,2349.0099544896157,117.76635865050517,196.62956557195704,1375.4707487682629,202.67350233940218,363.5704496347867,2173.507031604339,118.22443802083134,182.81066297452347,1485.138690305775,132.89280599241704,212.312731560349,1696.7452471971844,127.43430953258263,207.79083835578967,1528.8105534051526,138.68481655240453,224.89850810520556,1639.7155573718985
221.69209382416514,361.72793263404947,2202.244079868575,120.02055489678996,196.22009759155412,1477.25754264874,208.5506411953119,352.099743631239,2235.2854006027146,110.00392871876194,181.99865907229662,1300.5960662608677,130.05392159437633,210.32619403128106,1663.4055850030056,132.40931498543407,222.52991384446966,1614.2098910128284,139.5334228809798,224.63364755734392,1664.6390175948854
254.8533911809226,401.67260022769386,2492.46890032055,116.85063269818914,190.9874191946905,1417.3905001580551,181.9929087295937,320.4661389966057,1975.668620054995,121.43713855206205,192.28804301648015,1522.5072571110854,137.1268551294744,214.54568569948165,1788.7537561222932,132.85940351183373,215.80275486304808,1633.2109021021574,131.49030998500604,203.98871828934736,1660.4991031170077
248.65228213194536,395.5264617047797,2412.404016970462,120.66859492097105,190.77373637464004,1492.0696186931496,214.03854763723342,369.21785882261617,2175.4355673457067,111.58992020581847,172.1225632935417,1467.5778056711715,133.3566787457404,222.4836194936203,1605.0044703233727,139.38306418780516,239.25042522759875,1625.6238157222115,130.25655607394526,225.25485027860068,1698.3636328169462
240.2206530327123,392.4429741186291,2289.165770287182,119.05572195440563,187.351675507477,1469.1807704529188,200.12832455397904,341.41629856749313,2073.1354697307315,110.93729918664458,175.72373560692404,1338.3632312000607,125.8471745317067,206.24835497212288,1596.9584892791593,137.98717331276717,231.4573194225079,1626.417895493732,147.08276455137087,256.0452426213868,1770.6201963250357
229.6784779506807,348.42449191496723,2256.2537624410793,132.5939438317164,212.81686903377678,1637.0273849339978,201.1022847434967,353.3317770792814,2105.1168174762333,110.66510337872478,174.1246169156596,1341.7336782024013,139.1550344924294,238.7324576840176,1605.3589511050764,137.33304521649245,217.91666126860133,1590.5173637203623,128.93195318001392,203.38825412611516,1710.45858328224
242.66452565159327,393.6205453657144,2348.566988250142,111.29570775340311,172.84388600978238,1461.5050786089269,204.37877831755102,338.9443383122401,2190.237536080516,118.38973606350365,183.58152028022252,1471.8075212039066,131.51163297333565,205.26385733750138,1713.1411670901985,134.69211342590864,222.8931614790314,1587.3677223343548,134.17023817035934,212.63551785882694,1632.1703962838537
256.2447119913383,401.9643560955963,2430.8068336842002,113.33667113754659,171.62036435233279,1428.7688722271487,204.89036262128738,349.5018853065073,2132.5922475589746,118.0245358216896,180.68111663394657,1463.9306404055126,122.21266798253146,189.30345571218172,1617.955161770183,128.04486630138348,220.94968406524694,1450.9843378413827,141.29243221362896,228.6190386445627,1689.5669153672518
243.0928572710642,356.7159060972925,2420.048043043587,129.91592387434912,194.76291997879963,1581.8934386755332,212.18154180540404,349.67193947075947,2195.180760465794,113.39967084803409,178.5552041844059,1473.4889901665626,123.04941106143076,206.5755627846363,1535.4281988074526,154.07570234719833,268.15633765447336,1743.1561133735788,133.3263801245911,219.8791092685873,1725.079112438914
243.2272843572269,403.8116087892511,2324.1864489555846,125.08268696760172,194.23133402646906,1507.4147386427078,212.1300219340329,360.9518921553457,2252.15796470015,111.2246851195679,175.7191292476018,1366.3374841964096,134.12732599164835,233.42239552806134,1757.9352768232077,132.30884962667648,215.4803166854389,1487.2839334037715,135.40324647205347,212.850306177535,1628.6429261153326
233.6892611259964,367.0807251894728,2316.2295340243745,124.47730048563434,194.13125398234362,1520.0426800822515,214.78905739416965,348.27284323815735,2231.5682630838555,119.49924137486889,185.96178897906103,1498.7496384515043,123.5821919216931,197.0765675641169,1590.3803791643645,137.339196840274,258.3743039322573,1562.2917248652832,155.0239988149504,233.56762671934123,1905.35619860791
232.40821544445564,348.5434780664171,2205.8288001536575,128.402803041988,199.92899685174294,1628.2149853725502,215.01096736184272,368.0225946234667,2190.063457709104,112.37713202664469,183.05063286572585,1359.5568452552295,135.71923270551315,217.04128843973356,1600.2795718597804,142.3749955646238,291.20459089881797,1513.211893176937,140.30461609173045,213.60700447293564,1718.6620272798498
246.89592407857674,410.64533207459476,2407.1095216480094,123.37798993340618,193.5154464784782,1474.925341853969,214.7633163074228,378.71859652809076,2172.917303731014,113.45276317038609,173.77036526484756,1404.2459163469916,130.95664643026353,223.6745959279366,1627.2535886669746,138.00201372427784,228.21931401763842,1709.4423405727368,133.57253351703866,212.43405966575637,1715.2896493297192
246.43562513150542,381.3545788687276,2365.6421023567427,125.73083944884783,205.8455864882986,1527.8251820716862,205.74811051021263,322.5928706945037,2196.439576064855,115.65432500467797,181.90492971253195,1407.6108453242086,130.50632507233817,220.2530032430047,1526.1908568670049,128.93476575177962,203.60312344993528,1481.6253492785313,133.88397204477903,213.6489189903873,1808.4100992157125
247.34133066544646,447.739448267949,2376.7397071053006,119.42814299670644,181.2980902086835,1470.180792837688,198.4969869716982,335.4423775124502,2016.8573118497334,112.85828809089361,182.5766293863736,1405.6953921173683,142.22070316412203,226.9823170258334,1820.3513610209839,123.92249133608794,215.2164623503655,1399.4815244348788,128.4847243369504,212.21589245585994,1674.9786743255129
241.555728827584,377.1177073459385,2356.7458570238437,119.52185943956175,191.17195557987378,1539.2834404650712,215.22846211079784,336.4308136156297,2260.9307948146447,113.55383914733996,181.81832578225664,1386.0291790860697,135.96631699539478,226.55366263465112,1622.2902369145324,127.33746744097968,217.47733685140014,1483.3135555905342,131.47935366876763,205.40240669672886,1614.9777003570698
234.46174291504497,377.48162787070015,2239.4564604384414,121.87586966861427,194.44334671108655,1512.9306773487297,218.94214953203198,389.1607638458428,2179.493782235767,113.83654975763328,164.67991409036043,1405.0873744256355,130.18275774454702,215.49929306881725,1600.3841485952885,136.99545906177497,235.79160621181154,1559.24562880273,134.75541326738036,215.11315422864945,1730.0291878033202
250.16790432116414,453.4947788204153,2376.2624710399045,115.22219282524897,188.6555940760388,1363.1318611810063,216.40875034997288,353.8746795235119,2264.6371340168885,115.17324918167886,188.8902743463039,1516.9567057215224,135.8467471112835,214.26826711560386,1735.475664319445,128.06782844552197,223.60088422171364,1492.6383137271457,127.6262908465708,204.34431255906284,1705.4252777634229
218.2359977880407,362.1415930590491,2168.9297934802253,116.93241273118427,184.4492984134418,1548.7304889846914,212.34656182695434,366.0681676506602,2160.3659481359573,119.11135975177584,182.46265320480214,1460.7779385113697,122.9369593943555,195.12277152026735,1574.0388540303068,132.73375552740626,229.00443677526658,1457.2969145981153,137.62838125982253,236.38541659345137,1688.4497133859418
